1727861673000407,K6NRTWWE
1727862517810985,2NNZ9SRD
1727864492114326,WREZY9N8
1727864841544058,9YEAM3X2
1727862169316844,RPWBZD4T
1727864606850351,K5T8HXTP
1727862288178448,WBF4WKLG
1727864027045235,8PKZSVCR
1727863796167923,N86FNNJC
1727864379186512,STPK7GD3
1727864145153994,92N4EB62
1727864959229641,LTWEJ6LT
1727865189910801,FF9DVSEZ
1727863562549288,X9KXCB5P
1727863448786773,FRAK5KVS
1727861704974877,L988JW8H
1727862637153209,2PM8WB2T
1727863679655747,PXVR57GJ
1727864723426689,ERSNWZX5
1727862053607811,JZRVP5K9
1727861938560906,SGBMDCLX
1727862752302953,59BF82VX
1727864259881844,CANJSMD9
1727863215706814,EH23KS7S
1727863331517624,REFJEZD2
1727863100769711,GR36GSME
1727861822345489,453AWDEM
1727863911091750,JE48RXJZ
1727862868425177,JLCWWJZ9
1727862404183728,SEYD4GGS
1727865073863082,7FAKLCTE
