1751472742754666,5VGHM2PJ
1751544372686614,M4V6B7S4
1751622484620398,9JABLARK
1752589396943581,33ET8M9F
1752679126540813,DA7SEJBT
1752685783830207,2NBRTD7P
1752685727173573,2KJBJ4XC
1752685754749808,TKRWJWMF
1752685898857111,58XDJELB
1752685870747074,26G99LS3
1752685927859005,NJHF74K6
1752685841812536,HC8X3ALK
1752685812667224,2K5L87PJ
1752685985824016,9TDCMTL2
1752686015023850,NTXYRJBS
1752686042807937,JRVH8N4K
1752686158820260,7CHCYWJX
1752686100739741,G9MMLRZ3
1752686129748194,G5342JXY
1752686071817591,AJFX4TXK
1752686273754048,HPSHBPCR
1752686244613869,RP4A5WT8
1752686215862271,7KAV8XAD
1752686186963082,6CSXNFBJ
1752686388687901,55WV39PN
1752686359895913,6P28J999
1752686331847131,MGMARRRA
1752686302964444,7D7FAAW3
1752686503862629,TKYBFNTC
1752686474850215,PM5H6FM3
1752686417893512,AFEBDT3G
1752686561905765,VRZ5MR8N
1752686532742412,SX3FH5AY
1752686590829333,3ZPDNM7W
1752686618786432,R2PA4JTM
1752686706079484,4K56YY2C
1752686734733490,ML546JKK
1752686762805442,A22C5AWK
1752686677732509,MRSAVEXJ
1752686647729577,VJ7GRPEW
1752686878711237,DBF34Z89
1752686849842517,4FEJD56V
1752686820852550,BG4JD3D9
1752686792828232,YN9CJTAH
1752686993773559,RCGTN69G
1752686935827794,2GPXTVEP
1752686964754448,NELWV9JF
1752686906742337,D72MSHE9
1752687050878463,6J96R8CR
1752687079736221,W8DMAC4D
1752687108866791,F9A84CNF
1752687022994703,XPJTPGG3
1752687167234006,VLRSC8YA
1752687194864601,4VFSSPSL
1752687138064029,EVKLBVJH
1752687223896160,NWSY7CDJ
1752687338788187,2PYSXRKJ
1752687311030771,RDDGZ4EG
1752687281878506,ZHVWPM4E
1752687367834902,5C4ST9D6
1752687252791373,2KN5THGR
1752687454810583,RF3D9ZED
1752687425847193,VSF5JKDZ
1752687482720978,4WZ6MYTF
1752687396872865,TAPGHCL2
1752687569769286,9NSF5GFE
1752687598859751,PRFRSPKT
1752687540867761,HXVLXFTT
1752687511867659,FSLPCXMZ
1752687713796706,TJ4754C7
1752687684708318,FJP35GEL
1752687655722330,LTJ9EL47
1752687626852307,RR8R6JA4
1752687770695767,YJWLG9FV
1752687742835004,ZGNNMP2T
1752687799689551,84PJN74G
1752687828814725,K85G72XD
1752687914790607,VSP7E6EY
1752687886710518,PJHB8NXN
1752687943723702,2H7KWCSE
1752687857625810,X4REGN4K
1752688087725883,F6ZDB3CJ
1752688058827296,D6LTZZSP
1752687972713467,SBWTX55M
1752688030807119,HCY5WMH9
1752688001785997,2R6KS66Z
1752688202817383,RG5JC7XB
1752688174745000,XLBKXHVJ
1752688116848789,6MCJX7N8
1752688145896650,2B4VKCH8
1752688289778847,AGKZVLSM
1752688318853025,NLWLFBYD
1752688260822895,GS6Y8GAH
1752688231815267,T8Y6T5P7
1752688375835154,E8SYP263
1752688346789480,SSSBJNLP
1752688404781197,VF3PJ976
1752688551702871,VZ7BXW99
1752688490884848,FFJGHTS5
1752688519732572,STELLBK4
1752688462954132,LADD8ZG5
1752688692712078,EY34R89P
1752688663746113,TFAK9ZRB
1752688577805948,CLAWBW98
1752688606749513,Z5J36ECM
1752688778890244,X79CZRVX
1752688751034448,5DMAXZSC
1752688721862001,GST9V2FT
1752688922624259,BESWL2E9
1752688894840651,WSZNE5TG
1752688866048374,CGWEYZ3J
1752688807957915,MYJKMPFE
1752688980736870,8GTYLZRA
1752688951817618,9E4CTJLE
1752689038765804,B4SDLENX
1752689009849017,PTY6ZL3J
1752689124814193,ACKWEFAJ
1752689066825959,8A335DGD
1752689154004269,GKDC4G5J
1752689095884431,C8KYTTD7
