1756221221258086,DA9F7578
1756221254938299,3BZBC7WL
1756221326471030,AXXVKJVB
1756221398856373,7ZEG79HG
1756221363362282,G5Z2PJZT
1756221290723879,V82VJHHE
1756221470363017,JTDYHZTX
1756221506104732,94FV5FPE
1756221434493512,L7ZCKSNR
1756221542632787,TV4NPRWW
1756221578253953,PLYAFMNH
1756221686925245,5N8TMADL
1756221722286248,ZB9LNZ7T
1756221794349692,MCGNVRLL
1756221651445807,XG2BA457
1756221615946338,XF79NWAA
1756221758188391,FPN838NJ
1756221831391590,FA2WWSD6
1756221974319077,C2ZJET25
1756221905949042,N6A4LV4Z
1756221939738528,BHY5XCB6
1756222010753337,S9FP655S
1756222118529423,AVABMRKK
1756222082368493,T79HLWN8
1756222050280449,68864R54
1756222190366496,V9S5HMFE
1756222154145944,AJ97SH7K
1756222301073858,9DKTY6KA
1756222406322697,L47ETFPT
1756222373446339,AH4XNGHJ
1756222226338899,6DTVS9RA
1756222262391091,PXSJ7TKK
1756222334644824,2PF5XSFG
1756222478237625,4GA3K2XW
1756222442239343,V85AFCLW
1756222514560428,DEPEJR56
1756222550133593,HSMKGC45
1756222694187372,6RVY9BHE
1756222658538958,TVGKKHF6
1756222626479152,E4S6SJMA
1756222595330618,TN4Z5HMT
1756222802412670,D9PMYFLF
1756222766368363,7Z34DSBD
1756222910125321,9NRBDGJ5
1756222983258157,H6HJMAPS
1756222838276180,C53YMAZS
1756222946510264,ZCV7N98E
1756222874385150,4YT38WX5
1756227167080020,6JATFBHZ
1756227202878503,C8JPDFW5
1756227131022736,GF9D3SR6
1756227347379292,5TX646SV
1756227310775559,6P5FE9A9
1756227274489031,8BVLA2VS
1756227382553801,6ZTNESN2
1756227490478735,XWPYNCJW
1756227455632508,M8JTDMPV
1756227526971729,V8A96SNB
1756227419756757,8ZY5Z4V3
1756227562676059,ME6CR2CK
1756227599448415,WBP9K4LY
1756227635756185,664FHXSA
1756227782091477,22CBMRNN
1756227708172856,N67P8GPP
1756227670613663,ZR7L7CJ8
1756227742821930,KENGKP3G
1756227850660906,FXW5JB76
1756227814717578,4TEEA5ZX
1756227886633315,AEWGS6K7
1756227961764944,8B59YA68
1756228066847568,RHPG5K95
1756228102900330,MB3VRPTB
1756228030729975,MGDA7XF5
1756228174982737,M4M9636D
1756228140455230,EG3G7LG3
1756228210507381,NKM44R4L
1756228322612459,2TK9YH9H
1756228247262463,LHNYTD2T
1756228390722487,GETMTJTB
1756228282974667,9MANR2NM
1756228427010302,AKCSDLPS
1756228466060432,SGB93DCD
1756228499880301,24JMRLRK
1756228535086517,ENFC63DM
1756228571213504,DBY9S4NB
1756228643175335,PNXRNLTM
1756228679197872,LSEL2T8C
1756228608120672,XZ4CT454
1756228714580538,Y9VKM4D4
1756228786570524,G3MKERSF
1756228751643496,DX59APWN
1756228823736377,2W5ZVKP3
