1725369738201624,CENB3PJW
1725374610968563,N7NW36YE
1725370232325422,F8X82WGK
1725370664626701,GDFXE98A
1725469031192510,3JG5Y9DW
1725469475883004,LYVZNWRJ
1725469992606219,6N493EZF
1725470407568473,DRL8H6P2
1725470844257920,HGH89SK2
1725471291369812,VV5EZ8WN
1725540478713644,B38LWJF7
1725541430825088,3EWEY7PF
1725542512923023,ENKJBDR8
1725542972613064,AT2Z5ELY
1725543396446610,YVD75XA9
1725543864077731,ZEHLX84K
1725545010507628,EKVHVXZS
1725545442435562,F4PS68P6
1725609698445699,MT725DPA
1725610230144667,DPVXREN7
1725610937890968,K2Z79JTN
1725611497012670,XV47RD28
1725612121337475,ZDEJ3AXV
1725612545012613,ZZJ459JB
1725612938443284,RAZYE3MD
1725613538336860,98FK4W49
1725613921963221,PGLHJD2J
1725614364495374,6F78DNZA
1725614852544014,FZ8A5JYM
1725615326604284,7Z2HPTLS
1725615837693792,L2HPK9BJ
1725616203159814,SS42FEM9
1725616579986253,XTSK8MC9
1725616943103726,ZHK6VRKX
1725617300528026,KM9ZTFCV
1725617660237952,MJZVN5E6
1725618021260360,XTLLRKN8
1725618403620892,YG5NBH6Y
1725619534226674,ZAPBTNAS
1725619886758241,SFCXFDV4
1725620237536641,BFLA9EPB
1725620601670133,YP8R85D8
1725620978433818,AVW7SA6R
1725621339609831,FDHNB4C5
1725621699363755,DRXLD2WL
1725622073368584,YB5VP9DR
1725622645137988,BDW86JLJ
1725623006053509,4FX4ZBZ4
1725623362170152,7FDHWC5G
1725623710696262,JCCTNM8F
1725624068430684,S8YSXP3H
1725624421859157,JGZWTSTW
1725624776659103,2GDDY6LT
1725625137957409,6WJJX2P4
1725626315212013,ZFX5HZ7C
1725626864204486,PWWR56GW
1725627225443151,DCXPLM4T
1725629881968927,3N77PNM4
1725630261988261,CJYK6KBT
1725630629925914,PNP2Y9NJ
1725630975804952,J3PC6X64
1725631334980855,4TA876TP
1725631692933918,J8T8XS95
1725632064232673,JDB245YB
1725632422112039,DNBGSB4P   // data beyond here for CUIRA scripts
1726246452089246,TR9PYT72
1726246861583680,ECH98TA9
1726247235922265,ZNDW5VEW
1726248680621972,V63MGBW7
1726249059111322,X2AXEN7C
1726249431008816,J5YGXL74
1726249797068446,8N866WY6
1726250149690861,55LRM2F3
1726250521061848,Y27B4PJS
1726251586879082,RSYEGGVM
1726251976203984,B9T9Z3M6
1726252355541747,JM3KCFCM
1726252726900440,G7KR4MZB
1726254117650741,529GHCFH
1726254491269936,KCPZWHC9
1726257313890623,DVFZWNNP
1726257702650455,SVHEG7E7
1726258072336261,JSK395W9
1726258452461762,LNLW47Y5
1726258817561348,DRAH7JGT
1726259193056663,7MB5ADJ7
1726259567172658,DLKA5N8V
1726259932990495,5LDC6CB7
1726260692486245,ZPVXRCB3
1726261693429242,3MW87W6L
1726262082437226,6RKJG6WA
1726262460934240,XCPY2TWP
1726262837553053,5YXVHNL3
1726263204241363,753CM8XS
1726263582126814,4E36283D
1726263959077251,Z5D3NLY9
1726264332363897,JKMP8AEB
