caseId,accessCode
1686742596959193,7VZ9GLJP
1686742618076638,NM9JGN4B
1686742641236241,Y59NH345
1686742661280095,68KZPBFG
1686742679078663,FXL8WPYD
1686742719635514,5NVC6PFK
1686742737137915,PBLTKRMA
1686742757074733,5Y8C9FSD
1686742776328110,HRAX9CL4
1686742797531510,8E5F9FGP
1686742816335620,2MYXYTX7
1686742833431162,7B9436XG
1686742853956726,WWF6ZLJD
1686742873933127,ZN9BSPR7
1686742896075476,SRNEN85N
1686742912217854,R6DNFR2X
1686742930628462,46MG6BLA
1686742950733788,PPTWN57Y
1686742997212143,K6LFAWJE
1686743015136736,FN7WM53D
1686743036501470,WS7EVCKW
1686743055445666,2FNLBFT2
1686743077962938,FNPN3G9F
1686743097632198,933WTLHP
1686743115919379,5FSVACBT
1686743134181456,SEVXX7RT
1686743155612652,XZHPPX8Z
1686743173856331,VG8NX3FS
1686743194912907,39BD395E
1686743212380749,RJHMG2LD
