caseId,accessCode
1787126210845103,BLKDALC2
1787126063332332,CRC9SW9S
1787126385420757,MYYKTHAD
1787126567411368,MPKS6CYL
1787126925839151,PVC4WP7S
1787127106191206,75EEGWKX
1787127288265166,YFFCG2CM
1787127463953875,S69X85H7
1787127647530573,DMEVZM4D
1787127824408361,9FHRVW5Y
1787128007734508,XG5F9VC4
1787128184626121,LAYVLF5Z
1787128362790236,V7DARTD2
1787128545381713,WTVLP7VP
1787132655245106,7A7WDPSG
1787132959505189,CRJN7WV6
1787133322830320,SPL7GBXM
1787133699592966,ZFALM5TL
1787134042387492,K5F7RAEV
1787134422202386,34S64SHK
1787134761283666,2EX6RBLP
1787135123407539,52DSTJZM
1787135488224552,GLSMB7GZ
1787135842250616,SBW735EL
1787138490114068,T7ABF2B5
1787138818618055,MNDA7SML
1787139174240096,J59629FR
1787139536418489,MMYX5TJ6
1787139621120081,X2DD6Y8V
1787139900815567,795F8XGL
