caseId,accessCode
1756228030729975,GCRD6KVA
1756228174982737,854K425R
1756228140455230,766WRTB2
1756228210507381,7XJJJHV2
1756228322612459,42JYJMTT
1756228247262463,69LXE39G
1756228390722487,NMZSF538
1756228282974667,35BKZKCE
1756228427010302,28S7VJ4K
1756228466060432,PR4LAA9X
1756228499880301,YWTR3C7T
1756228535086517,3WPMZHPR
1756228571213504,5F7BEEL2
1756228643175335,NEPX5ZAW
1756228679197872,LY8JR4L6
1756228608120672,XPPKXEPW
1756228714580538,J6898FT5
1756228786570524,46DDPTYX
1756228751643496,E5G8HX8A
1756228823736377,2AZ393TS
