{
    "name": "Global Information",
    "numberOfRequests": {
        "total": 12,
        "ok": 12,
        "ko": 0
    },
    "minResponseTime": {
        "total": 67,
        "ok": 67,
        "ko": 0
    },
    "maxResponseTime": {
        "total": 27819,
        "ok": 27819,
        "ko": 0
    },
    "meanResponseTime": {
        "total": 8658,
        "ok": 8658,
        "ko": 0
    },
    "standardDeviation": {
        "total": 11737,
        "ok": 11737,
        "ko": 0
    },
    "percentiles1": {
        "total": 778,
        "ok": 778,
        "ko": 0
    },
    "percentiles2": {
        "total": 22042,
        "ok": 22042,
        "ko": 0
    },
    "percentiles3": {
        "total": 27112,
        "ok": 27112,
        "ko": 0
    },
    "percentiles4": {
        "total": 27678,
        "ok": 27678,
        "ko": 0
    },
    "group1": {
    "name": "t < 800 ms",
    "count": 7,
    "percentage": 58
},
    "group2": {
    "name": "800 ms < t < 1200 ms",
    "count": 1,
    "percentage": 8
},
    "group3": {
    "name": "t > 1200 ms",
    "count": 4,
    "percentage": 33
},
    "group4": {
    "name": "failed",
    "count": 0,
    "percentage": 0
},
    "meanNumberOfRequestsPerSecond": {
        "total": 0.004381161007667032,
        "ok": 0.004381161007667032,
        "ko": 0
    }
}