{
  "simulation": "simulations.PRL_Simulation",
  "simulationId": "prl-simulation",
  "start": 1691404907806,
  "description": "",
  "scenarios": ["***** Cafcas Case data By Dates*****"],
  "assertions": [
{
  "path": "Global",
  "target": "percentage of successful events",
  "condition": "is greater than or equal to",
  "expectedValues": [95.0],
  "result": false,
  "message": "Global: percentage of successful events is greater than or equal to 95.0",
  "actualValue": [75.0]
},
{
  "path": "XUI_PRL_C100_460_SubmitAndPayNow",
  "target": "percentage of successful events",
  "condition": "is greater than or equal to",
  "expectedValues": [80.0],
  "result": false,
  "message": "Could not find stats matching assertion path List(XUI_PRL_C100_460_SubmitAndPayNow)",
  "actualValue": [-1]
},
{
  "path": "XUI_PRL_FL401_490_SOTSubmit",
  "target": "percentage of successful events",
  "condition": "is greater than or equal to",
  "expectedValues": [80.0],
  "result": false,
  "message": "Could not find stats matching assertion path List(XUI_PRL_FL401_490_SOTSubmit)",
  "actualValue": [-1]
},
{
  "path": "PRL_CitizenC100_810_005_FinalSubmit",
  "target": "percentage of successful events",
  "condition": "is greater than or equal to",
  "expectedValues": [80.0],
  "result": false,
  "message": "Could not find stats matching assertion path List(PRL_CitizenC100_810_005_FinalSubmit)",
  "actualValue": [-1]
}
  ]
}