{
    "name": "Global Information",
    "numberOfRequests": {
        "total": 12,
        "ok": 9,
        "ko": 3
    },
    "minResponseTime": {
        "total": 102,
        "ok": 102,
        "ko": 30058
    },
    "maxResponseTime": {
        "total": 31132,
        "ok": 21495,
        "ko": 31132
    },
    "meanResponseTime": {
        "total": 9662,
        "ok": 2740,
        "ko": 30427
    },
    "standardDeviation": {
        "total": 13297,
        "ok": 6634,
        "ko": 498
    },
    "percentiles1": {
        "total": 476,
        "ok": 444,
        "ko": 30092
    },
    "percentiles2": {
        "total": 23636,
        "ok": 499,
        "ko": 30612
    },
    "percentiles3": {
        "total": 30560,
        "ok": 13229,
        "ko": 31028
    },
    "percentiles4": {
        "total": 31018,
        "ok": 19842,
        "ko": 31111
    },
    "group1": {
    "name": "t < 800 ms",
    "count": 7,
    "percentage": 58
},
    "group2": {
    "name": "800 ms < t < 1200 ms",
    "count": 1,
    "percentage": 8
},
    "group3": {
    "name": "t > 1200 ms",
    "count": 1,
    "percentage": 8
},
    "group4": {
    "name": "failed",
    "count": 3,
    "percentage": 25
},
    "meanNumberOfRequestsPerSecond": {
        "total": 0.00437636761487965,
        "ok": 0.0032822757111597373,
        "ko": 0.0010940919037199124
    }
}